{"cameraMode":{"drawMode":0,"name":"Shaded","section":"Shading Mode"},"sceneLighting":false,"audioPlay":false,"sceneViewState":{"m_AlwaysRefresh":false,"showFog":true,"showSkybox":false,"showFlares":true,"showImageEffects":true,"showParticleSystems":true,"showVisualEffectGraphs":true,"m_FxEnabled":true},"in2DMode":false,"pivot":{"x":2.4394383430480959,"y":0.7602635622024536,"z":-11.429141998291016},"rotation":{"x":0.014894218184053898,"y":-0.11820957064628601,"z":0.0017732859123498202,"w":0.9928753972053528},"size":2.0409255027770998,"orthographic":true}