{"cameraMode":{"drawMode":0,"name":"Shaded","section":"Shading Mode"},"sceneLighting":false,"audioPlay":false,"sceneViewState":{"m_AlwaysRefresh":false,"showFog":true,"showSkybox":false,"showFlares":true,"showImageEffects":true,"showParticleSystems":true,"showVisualEffectGraphs":true,"m_FxEnabled":true},"in2DMode":false,"pivot":{"x":0.49635565280914309,"y":0.31571322679519656,"z":-0.509395956993103},"rotation":{"x":0.014794907532632351,"y":0.9626677632331848,"z":-0.2648719549179077,"w":0.05376926809549332},"size":1.3816437721252442,"orthographic":true}