{"cameraMode":{"drawMode":0,"name":"Shaded","section":"Shading Mode"},"sceneLighting":false,"audioPlay":false,"sceneViewState":{"m_AlwaysRefresh":false,"showFog":true,"showSkybox":false,"showFlares":true,"showImageEffects":true,"showParticleSystems":true,"showVisualEffectGraphs":true,"m_FxEnabled":true},"in2DMode":false,"pivot":{"x":5.029479503631592,"y":1.1101326942443848,"z":-10.293397903442383},"rotation":{"x":0.008655413053929806,"y":-0.9881656169891357,"z":0.06084882467985153,"w":0.14056120812892915},"size":1.45717191696167,"orthographic":true}