{"cameraMode":{"drawMode":0,"name":"Shaded","section":"Shading Mode"},"sceneLighting":false,"audioPlay":false,"sceneViewState":{"m_AlwaysRefresh":false,"showFog":true,"showSkybox":false,"showFlares":true,"showImageEffects":true,"showParticleSystems":true,"showVisualEffectGraphs":true,"m_FxEnabled":true},"in2DMode":false,"pivot":{"x":5.555853843688965,"y":0.21430516242980958,"z":-10.615461349487305},"rotation":{"x":0.01806943491101265,"y":-0.9615597724914551,"z":0.2661193907260895,"w":0.0652906745672226},"size":0.7603612542152405,"orthographic":true}