{"cameraMode":{"drawMode":0,"name":"Shaded","section":"Shading Mode"},"sceneLighting":true,"audioPlay":false,"sceneViewState":{"m_AlwaysRefresh":false,"showFog":true,"showSkybox":true,"showFlares":true,"showImageEffects":true,"showParticleSystems":true,"showVisualEffectGraphs":true,"m_FxEnabled":true},"in2DMode":false,"pivot":{"x":-1.4426536560058594,"y":2.139888048171997,"z":1.8135216236114503},"rotation":{"x":0.008655413053929806,"y":-0.9881656169891357,"z":0.06084882467985153,"w":0.14056120812892915},"size":12.557448387145996,"orthographic":true}